codigo_municipio,municipio,vaf_2023,vaf_2024,media_vaf,indice_vaf,indice_educacao,indice_saude,indice_meio_ambiente,indice_2026
101,ABAIARA,16572071.5,103750100.65,60161086.07,0.031824,0.0753664,0.0662723,0.0115101,0.1849728
150,ACARAPE,103568930.1,106838735.74,105203832.92,0.055653,0.0672519,0.0768136,0.0115101,0.2112286
200,ACARAU,570760818.3,695045198.84,632903008.57,0.3348215,0.1277994,0.07291,0.0115101,0.547041
309,ACOPIARA,157302207.97,192275112.36,174788660.16,0.092469,0.0374403,0.0632557,0.0115101,0.2046751
408,AIUABA,16431280.47,22046141.71,19238711.09,0.010179,0.0562146,0.1083961,0.0115102,0.1862999
507,ALCANTARAS,13892494.24,16690683.3,15291588.77,0.0080925,0.1156134,0.073303,0.0115102,0.2085191
606,ALTANEIRA,9962635.9,10512819.13,10237727.51,0.0054145,0.1298328,0.0892118,0.0115101,0.2359692
705,ALTO SANTO,51502915.87,64867449.58,58185182.72,0.030784,0.1155337,0.0975284,0.0115101,0.2553562
754,AMONTADA,333049179.97,385026025.43,359037602.7,0.1899365,0.0676796,0.0676453,0.0115101,0.3367715
804,ANTONINA DO NORTE,17686991.14,24059895.75,20873443.44,0.0110435,0.1134178,0.0994048,0.0115101,0.2353762
903,APUIARES,29656593.64,30199434.9,29928014.27,0.015834,0.0570218,0.0655973,0.0115102,0.1499633
1000,AQUIRAZ,3528113248.76,3792268762.22,3660191005.49,1.936324,0.0761269,0.0628036,0.0040286,2.0792831
1109,ARACATI,1270651453.73,1510709573.84,1390680513.78,0.7357025,0.0953906,0.0934554,0.0115101,0.9360586
1208,ARACOIABA,62155049.48,90508288.28,76331668.88,0.040378,0.068845,0.0668078,0.0115101,0.1875409
1257,ARARENDA,21228462.54,25487238.66,23357850.6,0.0123565,0.1466406,0.0703425,0.0115101,0.2408497
1307,ARARIPE,31010581.73,33329846.13,32170213.93,0.017017,0.0662825,0.0734716,0.0115101,0.1682812
1406,ARATUBA,19727556.73,25860178.51,22793867.62,0.0120575,0.0827944,0.080883,0.0086327,0.1843676
1505,ARNEIROZ,10771528.93,13123708.36,11947618.64,0.006318,0.0659887,0.0915482,0.0115101,0.175365
1604,ASSARE,49112652.62,52058156.56,50585404.59,0.0267605,0.1142687,0.076395,0.0115101,0.2289343
1703,AURORA,74980132.93,51060666.31,63020399.62,0.0333385,0.0602646,0.087885,0.0115101,0.1929982
1802,BAIXIO,5941691.89,6206965.94,6074328.91,0.003211,0.1122957,0.0837879,0.0115101,0.2108047
1851,BANABUIU,132803507.37,95949756.44,114376631.9,0.0605085,0.0710022,0.1232663,0.0115101,0.2662871
1901,BARBALHA,907064653.61,994947962.48,951006308.04,0.5031065,0.0774238,0.0731716,0.0109347,0.6646366
1950,BARREIRA,79345299.19,69285957.37,74315628.28,0.039312,0.0894632,0.0755597,0.0115101,0.215845
2008,BARRO,46127109.91,52607739.06,49367424.48,0.026117,0.0449003,0.0738736,0.0115101,0.156401
2057,BARROQUINHA,29810991.73,32456056.2,31133523.96,0.016471,0.1048509,0.0836738,0.0051797,0.2101754
2107,BATURITE,119808862.18,134153606.39,126981234.28,0.0671775,0.073019,0.0859551,0.0115101,0.2376617
2206,BEBERIBE,631296434.04,733520381.68,682408407.86,0.36101,0.0618966,0.0596495,0.0115101,0.4940662
2305,BELA CRUZ,60438763.29,65141402.7,62790082.99,0.033215,0.1136567,0.0607809,0.0115101,0.2191627
2404,BOA VIAGEM,139782573.78,189774177.52,164778375.65,0.0871715,0.0897795,0.1167654,0.0115101,0.3052265
2503,BREJO SANTO,618039105.56,660902562.0,639470833.78,0.3382925,0.108811,0.0795333,0.0115101,0.5381469
2602,CAMOCIM,436954402.54,497404621.81,467179512.17,0.2471495,0.0963012,0.0668365,0.0115101,0.4217973
2701,CAMPOS SALES,77953161.86,93854854.99,85904008.42,0.045448,0.0757965,0.0811343,0.0115101,0.2138889
2800,CANINDE,319414518.33,383186484.72,351300501.52,0.185848,0.0929556,0.1193777,0.0115101,0.4096914
2909,CAPISTRANO,30920018.31,34356711.29,32638364.8,0.017264,0.0837003,0.0713768,0.0115101,0.1838512
3006,CARIDADE,75118876.77,93471574.96,84295225.86,0.0445965,0.1309089,0.1240812,0.0115102,0.3110968
3105,CARIRE,35187008.23,38139290.72,36663149.47,0.019396,0.1553276,0.0661877,0.0115101,0.2524214
3204,CARIRIACU,33761708.67,37881950.94,35821829.8,0.0189475,0.0793849,0.0935727,0.0115101,0.2034152
3303,CARIUS,28389884.7,33156337.97,30773111.33,0.0162825,0.101353,0.0832422,0.0115101,0.2123878
3402,CARNAUBAL,32561644.98,37744227.89,35152936.43,0.0185965,0.0940283,0.0960628,0.0115101,0.2201977
3501,CASCAVEL,637010537.01,788725971.87,712868254.44,0.3771235,0.0716499,0.0672341,0.0115101,0.5275176
3600,CATARINA,25237945.95,32345506.03,28791725.99,0.0152295,0.0656393,0.0920105,0.0115102,0.1843895
3659,CATUNDA,14440049.72,13807936.22,14123992.97,0.007475,0.1146587,0.0777947,0.0115101,0.2114385
3709,CAUCAIA,6930991497.17,5910787586.35,6420889541.76,3.3968025,0.0487159,0.0645615,0.0092082,3.5192881
3808,CEDRO,54917688.16,66128110.59,60522899.37,0.032019,0.107406,0.0860704,0.0115101,0.2370055
3907,CHAVAL,21454607.75,24507524.56,22981066.15,0.012155,0.0679706,0.0761528,0.0115102,0.1677886
3931,CHORO,17431637.0,16811696.1,17121666.55,0.009061,0.1113676,0.1379769,0.0115101,0.2699156
3956,CHOROZINHO,78330087.27,82153901.54,80241994.4,0.0424515,0.1135218,0.0651376,0.0115101,0.232621
4004,COREAU,42821906.91,53649644.52,48235775.71,0.025519,0.156785,0.0603851,0.0115101,0.2541992
4103,CRATEUS,284256512.38,317572735.81,300914624.09,0.1591915,0.1157251,0.0654145,0.0115101,0.3518412
4202,CRATO,1186659753.02,1405373463.6,1296016608.31,0.68562,0.102075,0.0760214,0.0115101,0.8752265
4236,CROATA,28690042.23,34544654.58,31617348.4,0.0167245,0.1277084,0.0618327,0.0115101,0.2177757
4251,CRUZ,186902136.55,205163740.28,196032938.41,0.1037075,0.1394414,0.0557859,0.0103592,0.309294
4269,DEPUTADO IRAPUAN PINHEIRO,22440920.71,28802661.46,25621791.08,0.0135525,0.135576,0.0854938,0.0115101,0.2461324
4277,ERERE,11512739.13,11447786.4,11480262.76,0.006071,0.1100334,0.131947,0.0115101,0.2595615
4285,EUSEBIO,3473750358.87,4163293837.93,3818522098.4,2.0200895,0.0843441,0.0669609,0.0103592,2.1817537
4301,FARIAS BRITO,27667762.56,33949580.12,30808671.34,0.0162955,0.1157936,0.0706418,0.0115101,0.214241
4350,FORQUILHA,225058364.88,252447149.78,238752757.33,0.126308,0.1497038,0.0660526,0.0115101,0.3535745
4400,FORTALEZA,44087689647.18,45069479058.31,44578584352.74,23.583118,0.0546805,0.0647923,0.0107045,23.7132953
4459,FORTIM,161245015.99,188570428.35,174907722.17,0.0925275,0.1010455,0.1047648,0.0115101,0.3098479
4509,FRECHEIRINHA,261123751.16,301190286.68,281157018.92,0.1487395,0.086395,0.0590477,0.0115101,0.3056923
4608,GENERAL SAMPAIO,13937000.94,11766355.42,12851678.18,0.006799,0.1003539,0.0889759,0.0115101,0.2076389
4657,GRACA,17949348.41,21338714.22,19644031.31,0.0103935,0.1226226,0.0914608,0.0115101,0.235987
4707,GRANJA,88453617.5,122710248.1,105581932.8,0.0558545,0.1145387,0.0544374,0.0115102,0.2363408
4806,GRANJEIRO,5282655.88,6560384.25,5921520.06,0.003198,0.0852066,0.0667126,0.0115101,0.1666273
4905,GROAIRAS,22431743.92,28644542.51,25538143.21,0.0135135,0.1098925,0.078877,0.0115101,0.2137931
4954,GUAIUBA,85493404.7,115720133.31,100606769.0,0.053222,0.0667981,0.0733872,0.0115101,0.2049174
5001,GUARACIABA DO NORTE,142312297.19,169074558.05,155693427.62,0.082368,0.105154,0.0621273,0.0115101,0.2611594
5100,GUARAMIRANGA,22577555.78,26235216.22,24406386.0,0.012909,0.1077292,0.047107,0.0115101,0.1792553
5209,HIDROLANDIA,29303295.2,39791545.12,34547420.16,0.018278,0.1163739,0.0740831,0.0115101,0.2202451
5233,HORIZONTE,2708832649.04,2862910833.53,2785871741.28,1.4737905,0.1202766,0.0692359,0.0115101,1.6748131
5266,IBARETAMA,34034061.16,35380580.13,34707320.64,0.0183625,0.0701369,0.1143415,0.0115101,0.214351
5308,IBIAPINA,82898799.27,101556499.99,92227649.63,0.048789,0.1010946,0.0604717,0.0109347,0.22129
5332,IBICUITINGA,34778503.88,29518030.31,32148267.09,0.017004,0.1025565,0.1219954,0.0115101,0.253066
5357,ICAPUI,1172885663.46,1238094355.29,1205490009.37,0.6377345,0.069073,0.0809209,0.0040286,0.791757
5407,ICO,285081221.36,271948497.95,278514859.65,0.147342,0.0609392,0.0754275,0.0115101,0.2952188
5506,IGUATU,1001135173.03,1097463170.13,1049299171.58,0.5551065,0.0443061,0.0803843,0.0115101,0.691307
5605,INDEPENDENCIA,43877918.98,91285012.84,67581465.91,0.03575,0.1130732,0.0594607,0.0115101,0.219794
5654,IPAPORANGA,17339744.59,19672819.4,18506281.99,0.009789,0.1328646,0.0834568,0.0115101,0.2376205
5704,IPAUMIRIM,42412394.81,44942420.32,43677407.56,0.0231075,0.1126225,0.1083413,0.0115101,0.2555814
5803,IPU,128974511.98,141319005.75,135146758.86,0.0714935,0.0748831,0.0624878,0.0115101,0.2203745
5902,IPUEIRAS,57214388.98,62689303.02,59951846.0,0.0317135,0.1444231,0.073374,0.0115102,0.2610208
6009,IRACEMA,84044672.9,72389105.66,78216889.28,0.041379,0.090619,0.1049058,0.0115101,0.2484139
6108,IRAUCUBA,56010274.96,54874487.43,55442381.19,0.029328,0.1153085,0.0577466,0.0115101,0.2138932
6207,ITAICABA,20835488.11,23768307.87,22301897.99,0.0117975,0.0894868,0.1115979,0.0115101,0.2243923
6256,ITAITINGA,1614216626.56,2318294088.41,1966255357.48,1.040195,0.0728134,0.066697,0.0115101,1.1912155
6306,ITAPAJE,159660102.02,164910485.73,162285293.87,0.085852,0.0785092,0.066477,0.0115101,0.2423483
6405,ITAPIPOCA,875549165.18,861523020.98,868536093.08,0.4594785,0.0756261,0.0682818,0.0115101,0.6148965
6504,ITAPIUNA,26087930.61,32246755.67,29167343.14,0.015431,0.0897529,0.0760312,0.0115102,0.1927253
6553,ITAREMA,450895102.17,470519965.08,460707533.62,0.243724,0.0838386,0.0690145,0.0115101,0.4080872
6603,ITATIRA,30324484.94,35077056.48,32700770.71,0.0172965,0.1071174,0.1210167,0.0115102,0.2569408
6702,JAGUARETAMA,50327513.42,102913163.63,76620338.52,0.040534,0.1142195,0.0760955,0.0115101,0.2423591
6801,JAGUARIBARA,47557960.43,55864464.84,51711212.63,0.0273585,0.0961541,0.0831879,0.0115101,0.2182106
6900,JAGUARIBE,255416127.07,324610040.79,290013083.93,0.153426,0.0906753,0.0838752,0.0115101,0.3394866
7007,JAGUARUANA,212955212.74,275326183.47,244140698.1,0.129155,0.0977678,0.1001819,0.0115101,0.3386148
7106,JARDIM,45616877.08,50064019.07,47840448.07,0.025311,0.05451,0.0842229,0.0103592,0.1744031
7205,JATI,18742576.33,21662405.91,20202491.12,0.010686,0.0433294,0.0920389,0.0115101,0.1575644
7254,JIJOCA DE JERICOACOARA,224453507.17,240149128.77,232301317.97,0.1228955,0.1285348,0.0700554,0.0115101,0.3329958
7304,JUAZEIRO DO NORTE,2626275321.43,3046667365.74,2836471343.58,1.5005575,0.0457937,0.0872106,0.0115101,1.6450719
7403,JUCAS,158050393.37,195321368.22,176685880.79,0.09347,0.0827858,0.0843495,0.0115101,0.2721154
7502,LAVRAS DA MANGABEIRA,51305651.69,61960390.99,56633021.34,0.0299585,0.0593192,0.0905699,0.0115101,0.1913577
7601,LIMOEIRO DO NORTE,939474881.72,1139154951.36,1039314916.54,0.549822,0.1005693,0.0989434,0.0115101,0.7608448
7635,MADALENA,31516294.45,47590490.49,39553392.47,0.0209235,0.1216833,0.1242894,0.0115101,0.2784063
7650,MARACANAU,10796341853.54,12087203493.94,11441772673.74,6.052969,0.0728849,0.0635658,0.0026474,6.1920671
7700,MARANGUAPE,1067931686.64,1170745166.84,1119338426.74,0.5921565,0.0673404,0.0615396,0.0115101,0.7325466
7809,MARCO,142920912.67,175790681.0,159355796.83,0.084305,0.1149581,0.0641133,0.0115101,0.2748865
7908,MARTINOPOLE,14722162.04,18899938.28,16811050.16,0.008892,0.1125547,0.0848467,0.0097837,0.2160771
8005,MASSAPE,156384927.14,166810182.66,161597554.9,0.085488,0.120917,0.0674193,0.0115101,0.2853344
8104,MAURITI,114817250.23,148587156.54,131702203.38,0.0696735,0.0739938,0.0848849,0.0115101,0.2400623
8203,MERUOCA,18417542.05,24072676.84,21245109.44,0.0112385,0.1494797,0.0602014,0.0115102,0.2324298
8302,MILAGRES,53205921.34,63294406.28,58250163.81,0.0308165,0.0630837,0.074423,0.0115101,0.1798333
8351,MILHA,60763573.83,66019351.11,63391462.47,0.0335335,0.1426613,0.1382022,0.0115101,0.3259071
8377,MIRAIMA,11304555.14,10841081.94,11072818.54,0.0058565,0.0863408,0.0700392,0.0115102,0.1737467
8401,MISSAO VELHA,111249200.15,125706984.25,118478092.2,0.0626795,0.0593197,0.0835353,0.0109347,0.2164692
8500,MOMBACA,127979134.08,145789940.87,136884537.47,0.0724165,0.1142771,0.0682116,0.0115101,0.2664153
8609,MONSENHOR TABOSA,36835035.6,39658641.95,38246838.77,0.0202345,0.0912461,0.0749647,0.0115101,0.1979554
8708,MORADA NOVA,1070884252.05,975312553.0,1023098402.52,0.541242,0.0483589,0.0905876,0.0115101,0.6916986
8807,MORAUJO,7615006.77,10097132.75,8856069.76,0.0046865,0.1463078,0.0629071,0.0115102,0.2254116
8906,MORRINHOS,42053852.04,100233965.86,71143908.95,0.037635,0.1537267,0.0522958,0.0115102,0.2551677
9003,MUCAMBO,28511375.78,34438843.7,31475109.74,0.016653,0.1529108,0.055028,0.0115101,0.2361019
9102,MULUNGU,18486934.13,22232677.88,20359806.0,0.0107705,0.086782,0.0615256,0.0115101,0.1705882
9201,NOVA OLINDA,59705457.01,60210275.48,59957866.24,0.03172,0.1110415,0.0722194,0.0115101,0.226491
9300,NOVA RUSSAS,112653606.38,130265346.77,121459476.57,0.0642525,0.1437154,0.0648157,0.0115101,0.2842937
9409,NOVO ORIENTE,50505374.2,57187893.36,53846633.78,0.028483,0.1368662,0.068344,0.0115101,0.2452033
9458,OCARA,70358328.77,70354484.89,70356406.83,0.037219,0.0637113,0.0838223,0.0115101,0.1962627
9508,OROS,45402318.34,50555285.75,47978802.04,0.0253825,0.0976169,0.0644271,0.0115101,0.1989366
9607,PACAJUS,799704472.17,1047081689.95,923393081.06,0.4884945,0.0826984,0.0912636,0.0103592,0.6728157
9706,PACATUBA,1027842525.48,1101409722.13,1064626123.8,0.563212,0.0593899,0.0636241,0.0,0.686226
9805,PACOTI,25195157.17,29914906.41,27555031.79,0.0145795,0.0902249,0.0757341,0.0115101,0.1920486
9904,PACUJA,8774344.07,11202660.5,9988502.28,0.0052845,0.1322884,0.0740624,0.0115101,0.2231454
10001,PALHANO,24436181.28,31259210.11,27847695.69,0.014729,0.0488345,0.0939108,0.0086327,0.166107
10100,PALMACIA,18185532.55,17160885.69,17673209.12,0.009347,0.0848969,0.0781959,0.0115102,0.18395
10209,PARACURU,300451887.03,342079833.11,321265860.07,0.1699555,0.1022034,0.0798397,0.0005756,0.3525742
10258,PARAIPABA,223262850.2,306970427.11,265116638.65,0.1402505,0.1103834,0.0708437,0.0,0.3214776
10308,PARAMBU,55588407.98,66390385.32,60989396.65,0.032266,0.062332,0.1312329,0.0115101,0.237341
10407,PARAMOTI,15435190.26,16828521.73,16131855.99,0.0085345,0.1180018,0.1306071,0.0115101,0.2686535
10506,PEDRA BRANCA,89152316.55,113856891.21,101504603.88,0.0536965,0.1495625,0.1289853,0.0115101,0.3437544
10605,PENAFORTE,29660631.72,31920375.12,30790503.42,0.016289,0.047843,0.0956345,0.0115101,0.1712766
10704,PENTECOSTE,139601143.61,152756912.47,146179028.04,0.0773305,0.0869877,0.0743377,0.0115101,0.250166
10803,PEREIRO,79286269.39,108015585.07,93650927.23,0.049543,0.1126473,0.0947695,0.0109347,0.2678945
10852,PINDORETAMA,104440420.12,119281278.82,111860849.47,0.059176,0.0703884,0.0750818,0.0115101,0.2161563
10902,PIQUET CARNEIRO,36987509.54,36433362.31,36710435.92,0.019422,0.1658099,0.1007112,0.0115101,0.2974532
10951,PIRES FERREIRA,8027216.25,10460148.62,9243682.43,0.004888,0.1183298,0.0708734,0.0115102,0.2056014
11009,PORANGA,19097769.51,23594300.05,21346034.78,0.0112905,0.104856,0.1120542,0.0103592,0.2385599
11108,PORTEIRAS,28513957.86,36603739.85,32558848.85,0.017225,0.0985784,0.0922726,0.0115101,0.2195861
11207,POTENGI,15871441.39,18409317.25,17140379.32,0.0090675,0.1052327,0.0785932,0.0115101,0.2044035
11231,POTIRETAMA,10323633.28,12121051.96,11222342.62,0.0059345,0.1361713,0.1143667,0.0051797,0.2616522
11264,QUITERIANOPOLIS,38188784.12,41375453.13,39782118.62,0.021047,0.1447312,0.0787695,0.0115102,0.2560579
11306,QUIXADA,498887013.78,559287245.27,529087129.52,0.2798965,0.0929676,0.1284098,0.0115101,0.512784
11355,QUIXELO,56322224.94,76331561.71,66326893.32,0.035087,0.0778135,0.0893508,0.0115101,0.2137614
11405,QUIXERAMOBIM,879542206.81,925055575.06,902298890.93,0.4773405,0.140179,0.1237254,0.0115101,0.752755
11504,QUIXERE,1134652242.8,971519783.55,1053086013.17,0.5571085,0.0808507,0.0971007,0.0115101,0.74657
11603,REDENCAO,121037447.97,134401371.99,127719409.98,0.0675675,0.0847632,0.0673291,0.0115101,0.2311699
11702,RERIUTABA,44212717.6,56029417.95,50121067.77,0.0265135,0.1500739,0.0638669,0.0115101,0.2519644
11801,RUSSAS,625273589.15,651777770.75,638525679.95,0.337792,0.0977569,0.0935199,0.0115101,0.5405789
11900,SABOEIRO,26009861.68,28138124.63,27073993.15,0.014326,0.0669192,0.0565903,0.0115101,0.1493456
11959,SALITRE,41105432.05,37460826.35,39283129.2,0.0207805,0.1180969,0.0744297,0.0115101,0.2248172
12205,SANTA QUITERIA,414059960.82,494754074.81,454407017.81,0.2403895,0.0878968,0.0520372,0.0115101,0.3918336
12007,SANTANA DO ACARAU,58094352.74,123899857.66,90997105.2,0.048139,0.1286213,0.0544467,0.0115102,0.2427172
12106,SANTANA DO CARIRI,18489774.3,22934550.85,20712162.57,0.010959,0.091294,0.0691626,0.0115101,0.1829257
12304,SAO BENEDITO,198898925.23,244510147.18,221704536.2,0.117286,0.1217339,0.0636372,0.0115101,0.3141672
12403,SAO GONCALO DO AMARANTE,8383809885.97,7450286749.14,7917048317.55,4.1883075,0.0844388,0.064216,0.0109347,4.347897
12502,SAO JOAO DO JAGUARIBE,12295038.31,11623463.47,11959250.89,0.0063245,0.094179,0.0895081,0.0115101,0.2015217
12601,SAO LUIS DO CURU,53208598.73,63368031.07,58288314.9,0.030836,0.044752,0.0714078,0.0115101,0.1585059
12700,SENADOR POMPEU,230465971.13,200089773.29,215277872.21,0.1138865,0.1190817,0.1365254,0.0115101,0.3810037
12809,SENADOR SA,9452295.5,11095200.61,10273748.05,0.005434,0.1638874,0.0987272,0.0092082,0.2772568
12908,SOBRAL,3909642703.7,4295654034.72,4102648369.21,2.1703955,0.1073155,0.0621691,0.0115101,2.3513902
13005,SOLONOPOLE,143782921.6,139521772.45,141652347.02,0.0749385,0.1482644,0.1288456,0.0115101,0.3635586
13104,TABULEIRO DO NORTE,172028773.5,197787638.75,184908206.12,0.0978185,0.0718915,0.1030843,0.0115101,0.2843044
13203,TAMBORIL,42071304.81,52003335.58,47037320.19,0.024882,0.1406392,0.0668704,0.0115101,0.2439017
13252,TARRAFAS,10963344.58,12020453.69,11491899.13,0.0060775,0.093964,0.0910017,0.0115101,0.2025533
13302,TAUA,225701259.31,276690161.98,251195710.64,0.132886,0.1044685,0.1152253,0.0115101,0.3640899
13351,TEJUCUOCA,19740605.02,26294009.99,23017307.5,0.0121745,0.0594927,0.0635501,0.0115102,0.1467275
13401,TIANGUA,847043735.51,920345059.61,883694397.56,0.467493,0.0705548,0.0675827,0.0051797,0.6108102
13500,TRAIRI,764090247.03,930734120.02,847412183.52,0.4482985,0.0863982,0.0681883,0.0,0.602885
13559,TURURU,17652830.36,20162520.63,18907675.49,0.0100035,0.0940742,0.0787688,0.0115102,0.1943567
13609,UBAJARA,346431212.39,388059081.43,367245146.91,0.1942785,0.1268777,0.0639188,0.0057552,0.3908302
13708,UMARI,8709198.88,7959358.55,8334278.71,0.004407,0.1184839,0.0953142,0.0103592,0.2285643
13757,UMIRIM,41865234.37,37540822.66,39703028.51,0.0210015,0.0577917,0.083617,0.0115102,0.1739204
13807,URUBURETAMA,51360962.2,91639044.69,71500003.44,0.0378235,0.0639774,0.0701577,0.0115101,0.1834687
13906,URUOCA,261480971.95,453116278.58,357298625.26,0.18902,0.1460802,0.0817264,0.0115101,0.4283367
13955,VARJOTA,70873026.74,87429398.62,79151212.68,0.041873,0.1522728,0.0639944,0.0115101,0.2696503
14003,VARZEA ALEGRE,149995885.21,180119908.14,165057896.67,0.087321,0.0936639,0.0913548,0.0115101,0.2838498
14102,VICOSA DO CEARA,103464556.55,127771871.77,115618214.16,0.061165,0.0857985,0.0512026,0.0103592,0.2085253
