mes,municipio,repasse_sefaz,repasse_liquido_sefaz,fundeb_sefaz
Janeiro,Abaiara,889396.68,711518.91,177877.77
Janeiro,Acarapé,1015640.57,812513.75,203126.82
Janeiro,Acaraú,2630314.93,2104253.32,526061.61
Janeiro,Acopiara,984129.35,787304.91,196824.44
Janeiro,Aiuaba,895777.28,716623.49,179153.79
Janeiro,Alcântaras,1002613.44,802091.99,200521.45
Janeiro,Altaneira,1134599.59,907681.6,226917.99
Janeiro,Alto Santo,1227817.89,982255.79,245562.1
Janeiro,Amontada,1619284.36,1295428.53,323855.83
Janeiro,Antonina Do Norte,1131748.49,905400.16,226348.33
Janeiro,Apuiarés,721061.1,576850.48,144210.62
Janeiro,Aquiraz,9997732.88,7998186.88,1999546.0
Janeiro,Aracati,4500811.86,3600650.01,900161.85
Janeiro,Aracoiaba,901744.52,721397.14,180347.38
Janeiro,Ararendá,1158067.25,926455.4,231611.85
Janeiro,Araripe,809138.71,647312.57,161826.14
Janeiro,Aratuba,886486.27,709190.08,177296.19
Janeiro,Arneiroz,843200.01,674561.7,168638.31
Janeiro,Assaré,1100774.74,880620.34,220154.4
Janeiro,Aurora,927985.03,742389.72,185595.31
Janeiro,Baixio,1013602.48,810883.3,202719.18
Janeiro,Banabuiú,1280377.26,1024302.79,256074.47
Janeiro,Barbalha,3195744.97,2556596.97,639148.0
Janeiro,Barreira,1037838.22,830272.05,207566.17
Janeiro,Barro,752015.27,601613.36,150401.91
Janeiro,Barroquinha,1010577.13,808463.42,202113.71
Janeiro,Baturité,1142737.98,914191.4,228546.58
Janeiro,Beberibe,2375597.82,1900479.65,475118.17
Janeiro,Bela Cruz,1053790.06,843033.5,210756.56
Janeiro,Boa Viagem,1467607.67,1174087.11,293520.56
Janeiro,Brejo Santo,2587549.14,2070040.63,517508.51
Janeiro,Camocim,2028110.24,1622489.22,405621.02
Janeiro,Campos Sales,1028432.39,822747.05,205685.34
Janeiro,Canindé,1969902.48,1575922.95,393979.53
Janeiro,Capistrano,884003.14,707203.29,176799.85
Janeiro,Caridade,1495833.54,1196667.89,299165.65
Janeiro,Caririaçu,978071.92,782459.13,195612.79
Janeiro,Cariré,1213706.08,970966.41,242739.67
Janeiro,Cariús,1021214.16,816973.17,204240.99
Janeiro,Carnaubal,1058766.75,847014.77,211751.98
Janeiro,Cascavel,2536441.02,2029153.96,507287.06
Janeiro,Catarina,886591.52,709274.52,177317.0
Janeiro,Catunda,1016651.03,813322.23,203328.8
Janeiro,Caucaia,16921651.15,13537321.47,3384329.68
Janeiro,Cedro,1139582.83,911667.53,227915.3
Janeiro,Chaval,806770.14,645417.52,161352.62
Janeiro,Chorozinho,1118501.11,894802.44,223698.67
Janeiro,Choró,1297823.37,1038260.32,259563.05
Janeiro,Coreaú,1222254.88,977804.72,244450.16
Janeiro,Crateús,1691743.32,1353395.72,338347.6
Janeiro,Crato,4208316.2,3366653.68,841662.52
Janeiro,Croatá,1047120.82,837697.66,209423.16
Janeiro,Cruz,1487165.14,1189733.02,297432.12
Janeiro,Deputado Irapuan Pinheiro,1183467.65,946775.61,236692.04
Janeiro,Ererê,1248038.37,998432.05,249606.32
Janeiro,Eusébio,10490438.25,8392351.27,2098086.98
Janeiro,Farias Brito,1030125.59,824101.98,206023.61
Janeiro,Forquilha,1700077.24,1360062.99,340014.25
Janeiro,Fortaleza,114019821.54,91215629.52,22804192.02
Janeiro,Fortim,1489828.27,1191863.65,297964.62
Janeiro,Frecheirinha,1469847.08,1175877.93,293969.15
Janeiro,General Sampaio,998380.32,798705.64,199674.68
Janeiro,Granja,1136386.82,909110.54,227276.28
Janeiro,Granjeiro,801185.96,640950.66,160235.3
Janeiro,Graça,1134685.31,907750.02,226935.29
Janeiro,Groaíras,1027972.11,822379.14,205592.97
Janeiro,Guaiúba,985294.75,788237.18,197057.57
Janeiro,Guaraciaba Do Norte,1255721.59,1004578.53,251143.06
Janeiro,Guaramiranga,861905.32,689526.72,172378.6
Janeiro,Hidrolândia,1058994.69,847196.84,211797.85
Janeiro,Horizonte,8052935.79,6442348.38,1610587.41
Janeiro,Ibaretama,1030654.44,824524.61,206129.83
Janeiro,Ibiapina,1064018.62,851216.8,212801.82
Janeiro,Ibicuitinga,1216805.28,973445.61,243359.67
Janeiro,Icapuí,3806973.09,3045579.4,761393.69
Janeiro,Icó,1419488.04,1135591.21,283896.83
Janeiro,Iguatu,3323982.78,2659187.25,664795.53
Janeiro,Independência,1056825.23,845461.84,211363.39
Janeiro,Ipaporanga,1142540.02,914032.87,228507.15
Janeiro,Ipaumirim,1228900.92,983122.12,245778.8
Janeiro,Ipu,1059616.19,847694.2,211921.99
Janeiro,Ipueiras,1255055.06,1004045.28,251009.78
Janeiro,Iracema,1194437.69,955551.81,238885.88
Janeiro,Irauçuba,1028453.04,822763.42,205689.62
Janeiro,Itaitinga,5727672.72,4582138.9,1145533.82
Janeiro,Itaiçaba,1078935.36,863149.91,215785.45
Janeiro,Itapajé,1165272.76,932219.81,233052.95
Janeiro,Itapipoca,2956581.5,2365266.24,591315.26
Janeiro,Itapiúna,926672.67,741339.68,185332.99
Janeiro,Itarema,1962189.11,1569752.91,392436.2
Janeiro,Itatira,1235437.11,988351.13,247085.98
Janeiro,Jaguaretama,1165324.4,932260.98,233063.42
Janeiro,Jaguaribara,1049212.43,839371.11,209841.32
Janeiro,Jaguaribe,1632339.63,1305872.6,326467.03
Janeiro,Jaguaruana,1628147.75,1302519.39,325628.36
Janeiro,Jardim,838574.31,670861.27,167713.04
Janeiro,Jati,757609.19,606088.46,151520.73
Janeiro,Jijoca De Jericoacoara,1601129.56,1280904.78,320224.78
Janeiro,Juazeiro Do Norte,7909932.47,6327946.34,1581986.13
Janeiro,Jucás,1308401.14,1046722.47,261678.67
Janeiro,Lavras Da Mangabeira,920096.09,736078.25,184017.84
Janeiro,Limoeiro Do Norte,3658339.5,2926672.33,731667.17
Janeiro,Madalena,1338648.52,1070919.83,267728.69
Janeiro,Maracanaú,29773067.09,23818454.04,5954613.05
Janeiro,Maranguape,3522274.52,2817820.18,704454.34
Janeiro,Marco,1321724.94,1057380.89,264344.05
Janeiro,Martinópole,1038954.47,831165.18,207789.29
Janeiro,Massapê,1371961.51,1097570.71,274390.8
Janeiro,Mauriti,1154281.18,923426.22,230854.96
Janeiro,Meruoca,1117581.75,894066.67,223515.08
Janeiro,Milagres,864684.44,691749.34,172935.1
Janeiro,Milhã,1567046.26,1253638.47,313407.79
Janeiro,Miraíma,835418.94,668337.16,167081.78
Janeiro,Missão Velha,1040839.66,832673.11,208166.55
Janeiro,Mombaça,1280993.39,1024796.09,256197.3
Janeiro,Monsenhor Tabosa,951820.11,761457.69,190362.42
Janeiro,Morada Nova,3325865.67,2660693.39,665172.28
Janeiro,Moraújo,1083836.59,867070.38,216766.21
Janeiro,Morrinhos,1226911.47,981530.25,245381.22
Janeiro,Mucambo,1135237.53,908191.82,227045.71
Janeiro,Mulungu,820230.83,656186.14,164044.69
Janeiro,Nova Olinda,1089026.87,871222.47,217804.4
Janeiro,Nova Russas,1366956.74,1093566.81,273389.93
Janeiro,Novo Oriente,1179000.53,943202.1,235798.43
Janeiro,Ocara,943681.11,754946.02,188735.09
Janeiro,Orós,956537.61,765231.16,191306.45
Janeiro,Pacajus,3235072.06,2588057.96,647014.1
Janeiro,Pacatuba,3299552.05,2639642.1,659909.95
Janeiro,Pacoti,923419.01,738736.5,184682.51
Janeiro,Pacujá,1072939.48,858352.65,214586.83
Janeiro,Palhano,798684.39,638948.94,159735.45
Janeiro,Palmácia,884478.27,707583.67,176894.6
Janeiro,Paracuru,1695267.89,1356215.43,339052.46
Janeiro,Paraipaba,1545747.12,1236598.71,309148.41
Janeiro,Parambu,1141195.87,912958.2,228237.67
Janeiro,Paramoti,1291754.55,1033404.95,258349.6
Janeiro,Pedra Branca,1652860.56,1322289.91,330570.65
Janeiro,Penaforte,823541.39,658834.63,164706.76
Janeiro,Pentecoste,1202862.7,962291.21,240571.49
Janeiro,Pereiro,1288105.75,1030485.66,257620.09
Janeiro,Pindoretama,1039335.15,831469.9,207865.25
Janeiro,Piquet Carneiro,1430231.22,1144185.75,286045.47
Janeiro,Pires Ferreira,988583.81,790869.02,197714.79
Janeiro,Poranga,1147057.05,917647.23,229409.82
Janeiro,Porteiras,1055825.81,844662.3,211163.51
Janeiro,Potengi,982823.95,786260.66,196563.29
Janeiro,Potiretama,1258091.57,1006474.7,251616.87
Janeiro,Quiterianópolis,1231191.94,984954.61,246237.33
Janeiro,Quixadá,2465597.86,1972479.93,493117.93
Janeiro,Quixelô,1027819.86,822257.15,205562.71
Janeiro,Quixeramobim,3619440.81,2895553.77,723887.04
Janeiro,Quixeré,3589702.5,2871763.34,717939.16
Janeiro,Redenção,1111524.55,889220.97,222303.58
Janeiro,Reriutaba,1211509.03,969208.87,242300.16
Janeiro,Russas,2599243.6,2079396.54,519847.06
Janeiro,Saboeiro,718091.24,574474.62,143616.62
Janeiro,Salitre,1080978.4,864784.35,216194.05
Janeiro,Santa Quitéria,1884037.57,1507231.63,376805.94
Janeiro,Santana Do Acaraú,1167046.23,933638.84,233407.39
Janeiro,Santana Do Cariri,879553.04,703643.96,175909.08
Janeiro,Senador Pompeu,1831964.06,1465572.76,366391.3
Janeiro,Senador Sá,1333121.98,1066498.8,266623.18
Janeiro,Sobral,11306094.41,9044875.23,2261219.18
Janeiro,Solonópole,1748083.08,1398466.76,349616.32
Janeiro,São Benedito,1510596.97,1208478.7,302118.27
Janeiro,São Gonçalo Do Amarante,20905818.12,16724654.45,4181163.67
Janeiro,São João Do Jaguaribe,968968.19,775176.04,193792.15
Janeiro,São Luís Do Curu,762136.72,609710.79,152425.93
Janeiro,Tabuleiro Do Norte,1367008.41,1093608.2,273400.21
Janeiro,Tamboril,1172741.65,938194.6,234547.05
Janeiro,Tarrafas,973927.75,779143.82,194783.93
Janeiro,Tauá,1750637.41,1400510.28,350127.13
Janeiro,Tejuçuoca,705503.03,564403.81,141099.22
Janeiro,Tianguá,2936934.0,2349547.91,587386.09
Janeiro,Trairi,2898827.35,2319062.34,579765.01
Janeiro,Tururu,934516.88,747615.09,186901.79
Janeiro,Ubajara,1879213.16,1503371.74,375841.42
Janeiro,Umari,1098995.77,879197.52,219798.25
Janeiro,Umirim,836254.36,669005.26,167249.1
Janeiro,Uruburetama,882163.52,705731.96,176431.56
Janeiro,Uruoca,2059553.71,1647643.76,411909.95
Janeiro,Varjota,1296548.19,1037240.23,259307.96
Janeiro,Viçosa Do Ceará,1002643.37,802115.73,200527.64
Janeiro,Várzea Alegre,1364822.04,1091859.03,272963.01
Fevereiro,Abaiara,772576.64,618062.31,154514.33
Fevereiro,Acarapé,882239.44,705792.21,176447.23
Fevereiro,Acaraú,2284831.99,1827866.79,456965.2
Fevereiro,Acopiara,854868.07,683895.16,170972.91
Fevereiro,Aiuaba,778120.1,622497.04,155623.06
Fevereiro,Alcântaras,870922.88,696739.19,174183.69
Fevereiro,Altaneira,985574.61,788460.53,197114.08
Fevereiro,Alto Santo,1066548.46,853239.55,213308.91
Fevereiro,Amontada,1406597.1,1125278.64,281318.46
Fevereiro,Antonina Do Norte,983097.39,786479.4,196617.99
Fevereiro,Apuiarés,626352.4,501083.64,125268.76
Fevereiro,Aquiraz,8684565.16,6947652.7,1736912.46
Fevereiro,Aracati,3909645.66,3127717.26,781928.4
Fevereiro,Aracoiaba,783302.48,626642.92,156659.56
Fevereiro,Ararendá,1005958.85,804768.28,201190.57
Fevereiro,Araripe,702861.0,562290.06,140570.94
Fevereiro,Aratuba,770049.23,616040.38,154008.85
Fevereiro,Arneiroz,732447.63,585959.53,146488.1
Fevereiro,Assaré,956191.65,764954.76,191236.89
Fevereiro,Aurora,806097.42,644878.55,161218.87
Fevereiro,Baixio,880469.63,704376.13,176093.5
Fevereiro,Banabuiú,1112203.86,889763.98,222439.88
Fevereiro,Barbalha,2775994.81,2220796.53,555198.28
Fevereiro,Barreira,901521.61,721218.4,180303.21
Fevereiro,Barro,653241.06,522593.88,130647.18
Fevereiro,Barroquinha,877841.27,702273.98,175567.29
Fevereiro,Baturité,992643.89,794116.07,198527.82
Fevereiro,Beberibe,2063571.27,1650858.55,412712.72
Fevereiro,Bela Cruz,915378.73,732303.96,183074.77
Fevereiro,Boa Viagem,1274842.03,1019875.26,254966.77
Fevereiro,Brejo Santo,2247683.24,1798147.42,449535.82
Fevereiro,Camocim,1761724.76,1409380.67,352344.09
Fevereiro,Campos Sales,893352.01,714682.35,178669.66
Fevereiro,Canindé,1711162.41,1368931.12,342231.29
Fevereiro,Capistrano,767892.49,614315.13,153577.36
Fevereiro,Caridade,1299360.52,1039489.63,259870.89
Fevereiro,Caririaçu,849605.64,679685.3,169920.34
Fevereiro,Cariré,1054290.67,843433.24,210857.43
Fevereiro,Cariús,887081.47,709666.2,177415.27
Fevereiro,Carnaubal,919701.25,735761.95,183939.3
Fevereiro,Cascavel,2203287.87,1762631.19,440656.68
Fevereiro,Catarina,770140.65,616113.37,154027.28
Fevereiro,Catunda,883116.71,706493.99,176622.72
Fevereiro,Caucaia,14699050.73,11759241.23,2939809.5
Fevereiro,Cedro,989903.14,791924.03,197979.11
Fevereiro,Chaval,700803.27,560643.63,140159.64
Fevereiro,Chorozinho,971590.25,777273.69,194316.56
Fevereiro,Choró,1127358.35,901888.27,225470.08
Fevereiro,Coreaú,1061715.77,849373.73,212342.04
Fevereiro,Crateús,1469538.69,1175631.87,293906.82
Fevereiro,Crato,3655567.84,2924455.04,731112.8
Fevereiro,Croatá,909585.37,727669.52,181915.85
Fevereiro,Cruz,1291831.05,1033466.26,258364.79
Fevereiro,Deputado Irapuan Pinheiro,1028023.4,822419.63,205603.77
Fevereiro,Ererê,1084112.04,867290.63,216821.41
Fevereiro,Eusébio,9112555.11,7290044.87,1822510.24
Fevereiro,Farias Brito,894822.58,715859.33,178963.25
Fevereiro,Forquilha,1476778.07,1181423.67,295354.4
Fevereiro,Fortaleza,99043712.49,79234778.53,19808933.96
Fevereiro,Fortim,1294144.37,1035316.81,258827.56
Fevereiro,Frecheirinha,1276787.54,1021431.68,255355.86
Fevereiro,General Sampaio,867246.6,693797.88,173448.72
Fevereiro,Granja,987126.49,789702.25,197424.24
Fevereiro,Granjeiro,695953.34,556764.29,139189.05
Fevereiro,Graça,985649.0,788520.0,197129.0
Fevereiro,Groaíras,892951.55,714362.11,178589.44
Fevereiro,Guaiúba,855879.55,684704.67,171174.88
Fevereiro,Guaraciaba Do Norte,1090786.7,872630.3,218156.4
Fevereiro,Guaramiranga,748696.74,598957.99,149738.75
Fevereiro,Hidrolândia,919899.42,735920.64,183978.78
Fevereiro,Horizonte,6995210.74,5596168.44,1399042.3
Fevereiro,Ibaretama,895281.29,716226.09,179055.2
Fevereiro,Ibiapina,924264.05,739412.42,184851.63
Fevereiro,Ibicuitinga,1056983.07,845587.74,211395.33
Fevereiro,Icapuí,3306939.4,2645552.79,661386.61
Fevereiro,Icó,1233042.8,986435.74,246607.06
Fevereiro,Iguatu,2887389.53,2309912.6,577476.93
Fevereiro,Independência,918015.53,734413.58,183601.95
Fevereiro,Ipaporanga,992471.69,793978.52,198493.17
Fevereiro,Ipaumirim,1067488.91,853992.31,213496.6
Fevereiro,Ipu,920440.24,736353.18,184087.06
Fevereiro,Ipueiras,1090207.36,872166.7,218040.66
Fevereiro,Iracema,1037552.22,830043.09,207509.13
Fevereiro,Irauçuba,893369.71,714696.58,178673.13
Fevereiro,Itaitinga,4975363.13,3980291.2,995071.93
Fevereiro,Itaiçaba,937221.22,749778.76,187442.46
Fevereiro,Itapajé,1012218.71,809775.95,202442.76
Fevereiro,Itapipoca,2568244.71,2054596.76,513647.95
Fevereiro,Itapiúna,804957.45,643967.14,160990.31
Fevereiro,Itarema,1704462.18,1363570.46,340891.72
Fevereiro,Itatira,1073166.57,858534.3,214632.27
Fevereiro,Jaguaretama,1012263.69,809811.75,202451.94
Fevereiro,Jaguaribara,911401.63,729122.54,182279.09
Fevereiro,Jaguaribe,1417936.95,1134350.78,283586.17
Fevereiro,Jaguaruana,1414296.21,1131438.12,282858.09
Fevereiro,Jardim,728430.37,582745.44,145684.93
Fevereiro,Jati,658100.37,526481.66,131618.71
Fevereiro,Jijoca De Jericoacoara,1390826.14,1112661.74,278164.4
Fevereiro,Juazeiro Do Norte,6870989.67,5496792.51,1374197.16
Fevereiro,Jucás,1136547.1,909238.94,227308.16
Fevereiro,Lavras Da Mangabeira,799245.21,639396.82,159848.39
Fevereiro,Limoeiro Do Norte,3177828.4,2542263.62,635564.78
Fevereiro,Madalena,1162822.27,930258.81,232563.46
Fevereiro,Maracanaú,25862476.82,20689981.94,5172494.88
Fevereiro,Maranguape,3059634.54,2447708.44,611926.1
Fevereiro,Marco,1148120.24,918497.49,229622.75
Fevereiro,Martinópole,902490.77,721993.79,180496.98
Fevereiro,Massapê,1191758.51,953407.84,238350.67
Fevereiro,Mauriti,1002670.22,802137.21,200533.01
Fevereiro,Meruoca,970791.27,776634.4,194156.87
Fevereiro,Milagres,751110.8,600889.44,150221.36
Fevereiro,Milhã,1361218.82,1088975.74,272243.08
Fevereiro,Miraíma,725689.15,580552.36,145136.79
Fevereiro,Missão Velha,904128.49,723304.03,180824.46
Fevereiro,Mombaça,1112738.73,890192.01,222546.72
Fevereiro,Monsenhor Tabosa,826801.71,661442.24,165359.47
Fevereiro,Morada Nova,2889024.58,2311220.72,577803.86
Fevereiro,Moraújo,941478.56,753184.2,188294.36
Fevereiro,Morrinhos,1065761.5,852609.85,213151.65
Fevereiro,Mucambo,986128.47,788903.64,197224.83
Fevereiro,Mulungu,712497.06,569998.75,142498.31
Fevereiro,Nova Olinda,945986.46,756790.3,189196.16
Fevereiro,Nova Russas,1187412.22,949931.0,237481.22
Fevereiro,Novo Oriente,1024142.9,819315.23,204827.67
Fevereiro,Ocara,819732.14,655786.81,163945.33
Fevereiro,Orós,830900.09,664721.02,166179.07
Fevereiro,Pacajus,2810156.63,2248126.35,562030.28
Fevereiro,Pacatuba,2866167.15,2292934.93,573232.22
Fevereiro,Pacoti,802130.43,641704.79,160425.64
Fevereiro,Pacujá,932012.89,745611.21,186401.68
Fevereiro,Palhano,693779.93,555025.3,138754.63
Fevereiro,Palmácia,768304.78,614644.75,153660.03
Fevereiro,Paracuru,1472600.19,1178081.44,294518.75
Fevereiro,Paraipaba,1342718.34,1074175.5,268542.84
Fevereiro,Parambu,991304.61,793044.67,198259.94
Fevereiro,Paramoti,1122087.25,897671.31,224415.94
Fevereiro,Pedra Branca,1435762.75,1148611.1,287151.65
Fevereiro,Penaforte,715372.17,572299.06,143073.11
Fevereiro,Pentecoste,1044870.59,835897.74,208972.85
Fevereiro,Pereiro,1118917.1,895135.25,223781.85
Fevereiro,Pindoretama,902821.66,722258.57,180563.09
Fevereiro,Piquet Carneiro,1242375.04,993901.05,248473.99
Fevereiro,Pires Ferreira,858736.83,686990.38,171746.45
Fevereiro,Poranga,996395.52,797117.68,199277.84
Fevereiro,Porteiras,917147.17,733718.98,183428.19
Fevereiro,Potengi,853733.64,682987.92,170745.72
Fevereiro,Potiretama,1092844.79,874276.65,218568.14
Fevereiro,Quiterianópolis,1069478.98,855584.24,213894.74
Fevereiro,Quixadá,2141750.17,1713401.61,428348.56
Fevereiro,Quixelô,892818.89,714255.97,178562.92
Fevereiro,Quixeramobim,3144039.7,2515232.28,628807.42
Fevereiro,Quixeré,3118207.14,2494566.15,623640.99
Fevereiro,Redenção,965529.19,772424.45,193104.74
Fevereiro,Reriutaba,1052381.88,841906.53,210475.35
Fevereiro,Russas,2257841.13,1806274.01,451567.12
Fevereiro,Saboeiro,623772.91,499019.89,124753.02
Fevereiro,Salitre,938995.88,751197.95,187797.93
Fevereiro,Santa Quitéria,1636575.09,1309261.63,327313.46
Fevereiro,Santana Do Acaraú,1013758.93,811008.15,202750.78
Fevereiro,Santana Do Cariri,764027.55,611223.26,152804.29
Fevereiro,Senador Pompeu,1591341.59,1273074.73,318266.86
Fevereiro,Senador Sá,1158020.5,926417.73,231602.77
Fevereiro,Sobral,9821077.83,7856863.04,1964214.79
Fevereiro,Solonópole,1518478.4,1214783.58,303694.82
Fevereiro,São Benedito,1312184.95,1049749.02,262435.93
Fevereiro,São Gonçalo Do Amarante,18159910.51,14527928.78,3631981.73
Fevereiro,São João Do Jaguaribe,841697.38,673358.96,168338.42
Fevereiro,São Luís Do Curu,662032.08,529626.8,132405.28
Fevereiro,Tabuleiro Do Norte,1187456.86,949966.84,237490.02
Fevereiro,Tamboril,1018706.68,814966.28,203740.4
Fevereiro,Tarrafas,846005.79,676805.61,169200.18
Fevereiro,Tauá,1520697.33,1216558.62,304138.71
Fevereiro,Tejuçuoca,612837.34,490271.41,122565.93
Fevereiro,Tianguá,2551177.73,2040942.81,510234.92
Fevereiro,Trairi,2518075.86,2014461.55,503614.31
Fevereiro,Tururu,811770.8,649418.18,162352.62
Fevereiro,Ubajara,1632384.23,1305908.52,326475.71
Fevereiro,Umari,954646.44,763718.19,190928.25
Fevereiro,Umirim,726414.63,581133.08,145281.55
Fevereiro,Uruburetama,766295.21,613037.17,153258.04
Fevereiro,Uruoca,1789037.79,1431231.67,357806.12
Fevereiro,Varjota,1126250.69,901002.04,225248.65
Fevereiro,Viçosa Do Ceará,870948.59,696759.63,174188.96
Fevereiro,Várzea Alegre,1185557.32,948447.14,237110.18
Março,Abaiara,776181.2,620946.66,155234.54
Março,Acarapé,886356.07,709086.19,177269.88
Março,Acaraú,2295492.86,1836395.62,459097.24
Março,Acopiara,858856.91,687087.28,171769.63
Março,Aiuaba,781750.49,625402.53,156347.96
Março,Alcântaras,874986.96,699990.92,174996.04
Março,Altaneira,990172.81,792139.42,198033.39
Março,Alto Santo,1071525.23,857221.47,214303.76
Março,Amontada,1413159.62,1130528.19,282631.43
Março,Antonina Do Norte,987684.39,790149.13,197535.26
Março,Apuiarés,629275.02,503422.27,125852.75
Março,Aquiraz,8725087.22,6980070.58,1745016.64
Março,Aracati,3927887.75,3142311.54,785576.21
Março,Aracoiaba,786958.22,629568.2,157390.02
Março,Ararendá,1010651.95,808522.67,202129.28
Março,Araripe,706140.18,564914.52,141225.66
Março,Aratuba,773640.95,618914.06,154726.89
Março,Arneiroz,735865.67,588694.54,147171.13
Março,Assaré,960652.52,768523.92,192128.6
Março,Aurora,809858.11,647887.93,161970.18
Março,Baixio,884577.64,707663.53,176914.11
Março,Banabuiú,1117393.02,893915.32,223477.7
Março,Barbalha,2788947.42,2231159.31,557788.11
Março,Barreira,905727.42,724583.12,181144.3
Março,Barro,656289.06,525032.37,131256.69
Março,Barroquinha,881937.24,705551.17,176386.07
Março,Baturité,997274.35,797820.67,199453.68
Março,Beberibe,2073199.15,1658560.49,414638.66
Março,Bela Cruz,919649.47,735720.72,183928.75
Março,Boa Viagem,1280790.45,1024633.99,256156.46
Março,Brejo Santo,2258170.82,1806537.92,451632.9
Março,Camocim,1769945.23,1415957.65,353987.58
Março,Campos Sales,897520.39,718017.49,179502.9
Março,Canindé,1719145.7,1375317.59,343828.11
Março,Capistrano,771474.38,617180.76,154293.62
Março,Caridade,1305423.44,1044340.27,261083.17
Março,Caririaçu,853569.99,682857.94,170712.05
Março,Cariré,1059210.04,847369.53,211840.51
Março,Cariús,891220.63,712977.83,178242.8
Março,Carnaubal,923992.57,739195.25,184797.32
Março,Cascavel,2213568.11,1770855.57,442712.54
Março,Catarina,773733.07,618987.98,154745.09
Março,Catunda,887237.02,709790.87,177446.15
Março,Caucaia,14767635.64,11814108.86,2953526.78
Março,Cedro,994521.28,795618.25,198903.03
Março,Chaval,704073.61,563260.8,140812.81
Março,Chorozinho,976123.15,780900.26,195222.89
Março,Choró,1132618.66,906095.65,226523.01
Março,Coreaú,1066670.37,853337.85,213332.52
Março,Crateús,1476394.73,1181116.9,295277.83
Março,Crato,3672624.22,2938100.6,734523.62
Março,Croatá,913829.85,731065.29,182764.56
Março,Cruz,1297858.8,1038288.25,259570.55
Março,Deputado Irapuan Pinheiro,1032820.6,826258.04,206562.56
Março,Ererê,1089171.16,871338.11,217833.05
Março,Eusébio,9155074.11,7324060.01,1831014.1
Março,Farias Brito,898997.11,719199.08,179798.03
Março,Forquilha,1483667.67,1186935.14,296732.53
Março,Fortaleza,99505879.03,79604451.69,19901427.34
Março,Fortim,1300182.44,1040147.32,260035.12
Março,Frecheirinha,1282744.94,1026197.59,256547.35
Março,General Sampaio,871292.79,697035.68,174257.11
Março,Granja,991732.17,793386.96,198345.21
Março,Granjeiro,699200.16,559362.17,139837.99
Março,Graça,990247.54,792199.39,198048.15
Março,Groaíras,897118.3,717696.22,179422.08
Março,Guaiúba,859873.68,687900.86,171972.82
Março,Guaraciaba Do Norte,1095876.05,876701.93,219174.12
Março,Guaramiranga,752189.62,601753.32,150436.3
Março,Hidrolândia,924191.36,739354.69,184836.67
Março,Horizonte,7027850.05,5622279.22,1405570.83
Março,Ibaretama,899458.6,719568.35,179890.25
Março,Ibiapina,928575.67,742862.38,185713.29
Março,Ibicuitinga,1061915.16,849534.13,212381.03
Março,Icapuí,3322370.28,2657896.52,664473.76
Março,Icó,1238795.43,991037.51,247757.92
Março,Iguatu,2900861.38,2320689.76,580171.62
Março,Independência,922298.79,737839.99,184458.8
Março,Ipaporanga,997101.63,797682.47,199419.16
Março,Ipaumirim,1072469.7,857977.32,214492.38
Março,Ipu,924734.31,739788.84,184945.47
Março,Ipueiras,1095294.74,876236.91,219057.83
Março,Iracema,1042393.57,833916.07,208477.5
Março,Irauçuba,897538.32,718031.94,179506.38
Março,Itaitinga,4998577.38,3998862.92,999714.46
Março,Itaiçaba,941593.65,753276.4,188317.25
Março,Itapajé,1016940.98,813554.76,203386.22
Março,Itapipoca,2580228.29,2064183.06,516045.23
Março,Itapiúna,808712.36,646971.55,161740.81
Março,Itarema,1712414.5,1369933.18,342481.32
Março,Itatira,1078174.58,862541.03,215633.55
Março,Jaguaretama,1016986.11,813590.89,203395.22
Março,Jaguaribara,915654.95,732525.6,183129.35
Março,Jaguaribe,1424552.82,1139643.5,284909.32
Março,Jaguaruana,1420894.44,1136716.88,284177.56
Março,Jardim,731829.16,585464.58,146364.58
Março,Jati,661170.49,528938.11,132232.38
Março,Jijoca De Jericoacoara,1397316.43,1117854.14,279462.29
Março,Juazeiro Do Norte,6903050.02,5522440.89,1380609.13
Março,Jucás,1141849.63,913480.95,228368.68
Março,Lavras Da Mangabeira,802973.96,642381.06,160592.9
Março,Limoeiro Do Norte,3192656.34,2554126.44,638529.9
Março,Madalena,1168247.48,934599.3,233648.18
Março,Maracanaú,25983150.35,20786521.2,5196629.15
Março,Maranguape,3073911.4,2459130.06,614781.34
Março,Marco,1153477.87,922783.64,230694.23
Março,Martinópole,906701.6,725362.68,181338.92
Março,Massapê,1197319.11,957856.59,239462.52
Março,Mauriti,1007348.24,805879.84,201468.4
Março,Meruoca,975320.94,780258.55,195062.39
Março,Milagres,754615.34,603694.56,150920.78
Março,Milhã,1367570.15,1094057.22,273512.93
Março,Miraíma,729074.67,583261.49,145813.18
Março,Missão Velha,908347.04,726679.07,181667.97
Março,Mombaça,1117931.26,894346.47,223584.79
Março,Monsenhor Tabosa,830658.96,664528.95,166130.01
Março,Morada Nova,2902504.46,2322004.42,580500.04
Março,Moraújo,945870.64,756698.1,189172.54
Março,Morrinhos,1070734.47,856589.0,214145.47
Março,Mucambo,990729.85,792584.99,198144.86
Março,Mulungu,715820.61,572658.34,143162.27
Março,Nova Olinda,950400.44,760322.22,190078.22
Março,Nova Russas,1192952.76,954363.39,238589.37
Março,Novo Oriente,1028921.31,823138.56,205782.75
Março,Ocara,823556.44,658846.76,164709.68
Março,Orós,834776.13,667822.42,166953.71
Março,Pacajus,2823267.99,2258615.72,564652.27
Março,Pacatuba,2879540.6,2303633.04,575907.56
Março,Pacoti,805873.59,644700.44,161173.15
Março,Pacujá,936361.77,749091.04,187270.73
Março,Palhano,697017.08,557615.6,139401.48
Março,Palmácia,771889.6,617513.06,154376.54
Março,Paracuru,1479470.96,1183577.97,295892.99
Março,Paraipaba,1348983.02,1079187.55,269795.47
Março,Parambu,995928.64,796744.11,199184.53
Março,Paramoti,1127322.99,901859.6,225463.39
Março,Pedra Branca,1442461.55,1153970.25,288491.3
Março,Penaforte,718709.92,574969.99,143739.93
Março,Pentecoste,1049745.96,839798.06,209947.9
Março,Pereiro,1124138.0,899311.53,224826.47
Março,Pindoretama,907033.9,725628.72,181405.18
Março,Piquet Carneiro,1248172.1,998538.96,249633.14
Março,Pires Ferreira,862743.47,690196.32,172547.15
Março,Poranga,1001043.55,800836.44,200207.11
Março,Porteiras,921426.2,737142.19,184284.01
Março,Potengi,857717.02,686175.58,171541.44
Março,Potiretama,1097944.26,878356.48,219587.78
Março,Quiterianópolis,1074469.22,859577.05,214892.17
Março,Quixadá,2151742.14,1721395.05,430347.09
Março,Quixelô,896985.21,717589.56,179395.65
Março,Quixeramobim,3158709.81,2526968.33,631741.48
Março,Quixeré,3132756.02,2506206.1,626549.92
Março,Redenção,970034.06,776028.63,194005.43
Março,Reriutaba,1057291.71,845834.86,211456.85
Março,Russas,2268376.26,1814702.34,453673.92
Março,Saboeiro,626683.11,501348.62,125334.49
Março,Salitre,943376.68,754702.97,188673.71
Março,Santa Quitéria,1644211.12,1315370.25,328840.87
Março,Santana Do Acaraú,1018488.8,814792.66,203696.14
Março,Santana Do Cariri,767590.87,614074.55,153516.32
Março,Senador Pompeu,1598767.31,1279014.99,319752.32
Março,Senador Sá,1163424.42,930740.73,232683.69
Março,Sobral,9866902.72,7893523.5,1973379.22
Março,Solonópole,1525563.59,1220452.06,305111.53
Março,São Benedito,1318307.54,1054648.01,263659.53
Março,São Gonçalo Do Amarante,18244644.47,14595716.16,3648928.31
Março,São João Do Jaguaribe,845624.56,676501.61,169122.95
Março,São Luís Do Curu,665121.42,532098.82,133022.6
Março,Tabuleiro Do Norte,1192997.83,954399.42,238598.41
Março,Tamboril,1023459.51,818769.4,204690.11
Março,Tarrafas,849953.68,679964.56,169989.12
Março,Tauá,1527793.5,1222235.85,305557.65
Março,Tejuçuoca,615696.94,492559.39,123137.55
Março,Tianguá,2563080.41,2050466.06,512614.35
Março,Trairi,2529824.54,2023860.51,505964.03
Março,Tururu,815558.07,652447.97,163110.1
Março,Ubajara,1640000.61,1312001.85,327998.76
Março,Umari,959100.48,767281.83,191818.65
Março,Umirim,729803.83,583844.63,145959.2
Março,Uruburetama,769869.51,615896.85,153972.66
Março,Uruoca,1797385.46,1437909.42,359476.04
Março,Varjota,1131506.1,905206.24,226299.86
Março,Viçosa Do Ceará,875012.74,700011.77,175000.97
Março,Várzea Alegre,1191089.79,952872.93,238216.86
Abril,Abaiara,857048.72,685640.2,171408.52
Abril,Acarapé,978701.9,782963.33,195738.57
Abril,Acaraú,2534649.3,2027720.48,506928.82
Abril,Acopiara,948337.31,758671.62,189665.69
Abril,Aiuaba,863197.51,690559.38,172638.13
Abril,Alcântaras,966147.17,772919.29,193227.88
Abril,Altaneira,1093334.71,874668.92,218665.79
Abril,Alto Santo,1183162.62,946531.5,236631.12
Abril,Amontada,1560391.03,1248313.21,312077.82
Abril,Antonina Do Norte,1090586.95,872470.67,218116.28
Abril,Apuiarés,694835.76,555870.45,138965.31
Abril,Aquiraz,9634114.23,7707292.16,1926822.07
Abril,Aracati,4337117.16,3469695.56,867421.6
Abril,Aracoiaba,868947.38,695159.33,173788.05
Abril,Ararendá,1115947.73,892759.52,223188.21
Abril,Araripe,779709.49,623769.31,155940.18
Abril,Aratuba,854244.96,683397.79,170847.17
Abril,Arneiroz,812531.97,650026.89,162505.08
Abril,Assaré,1060738.83,848592.6,212146.23
Abril,Aurora,894232.91,715388.1,178844.81
Abril,Baixio,976738.02,781392.29,195345.73
Abril,Banabuiú,1233809.53,987048.76,246760.77
Abril,Barbalha,3079515.26,2463613.26,615902.0
Abril,Barreira,1000091.27,800074.46,200016.81
Abril,Barro,724664.32,579733.11,144931.21
Abril,Barroquinha,973822.04,779059.28,194762.76
Abril,Baturité,1101176.35,880941.99,220234.36
Abril,Beberibe,2289196.83,1831359.18,457837.65
Abril,Bela Cruz,1015463.48,812372.1,203091.38
Abril,Boa Viagem,1414230.11,1131385.65,282844.46
Abril,Brejo Santo,2493439.93,1994753.28,498686.65
Abril,Camocim,1954347.85,1563479.67,390868.18
Abril,Campos Sales,991028.53,792824.07,198204.46
Abril,Canindé,1898256.28,1518606.29,379649.99
Abril,Capistrano,851851.97,681483.07,170368.9
Abril,Caridade,1441429.54,1153146.05,288283.49
Abril,Caririaçu,942498.89,754000.96,188497.93
Abril,Cariré,1169563.9,935652.87,233911.03
Abril,Cariús,984073.31,787260.68,196812.63
Abril,Carnaubal,1020259.35,816209.11,204050.24
Abril,Cascavel,2444190.41,1955353.17,488837.24
Abril,Catarina,854346.31,683478.79,170867.52
Abril,Catunda,979674.53,783741.09,195933.44
Abril,Caucaia,16306209.17,13044968.12,3261241.05
Abril,Cedro,1098136.02,878509.99,219626.03
Abril,Chaval,777427.56,621943.92,155483.64
Abril,Chorozinho,1077820.99,862258.58,215562.41
Abril,Choró,1250621.27,1000498.29,250122.98
Abril,Coreaú,1177800.89,942242.34,235558.55
Abril,Crateús,1630214.21,1304172.83,326041.38
Abril,Crato,4055258.76,3244207.64,811051.12
Abril,Croatá,1009037.3,807231.33,201805.97
Abril,Cruz,1433076.56,1146463.2,286613.36
Abril,Deputado Irapuan Pinheiro,1140424.8,912340.86,228083.94
Abril,Ererê,1202646.93,962118.84,240528.09
Abril,Eusébio,10108900.49,8087121.61,2021778.88
Abril,Farias Brito,992659.31,794129.31,198530.0
Abril,Forquilha,1638245.25,1310597.76,327647.49
Abril,Fortaleza,109872945.78,87898096.5,21974849.28
Abril,Fortim,1435642.55,1148515.56,287126.99
Abril,Frecheirinha,1416388.73,1133112.71,283276.02
Abril,General Sampaio,962069.32,769657.23,192412.09
Abril,Granja,1095056.37,876046.79,219009.58
Abril,Granjeiro,772046.49,617639.03,154407.46
Abril,Graça,1093417.03,874734.8,218682.23
Abril,Groaíras,990584.49,792469.32,198115.17
Abril,Guaiúba,949459.46,759569.1,189890.36
Abril,Guaraciaba Do Norte,1210050.11,968041.93,242008.18
Abril,Guaramiranga,830557.36,664447.13,166110.23
Abril,Hidrolândia,1020478.47,816384.58,204093.89
Abril,Horizonte,7760049.99,6208040.03,1552009.96
Abril,Ibaretama,993169.24,794537.03,198632.21
Abril,Ibiapina,1025320.22,820257.59,205062.63
Abril,Ibicuitinga,1172550.47,938042.32,234508.15
Abril,Icapuí,3668512.59,2934811.4,733701.19
Abril,Icó,1367860.71,1094289.81,273570.9
Abril,Iguatu,3203088.64,2562471.83,640616.81
Abril,Independência,1018388.89,814712.58,203676.31
Abril,Ipaporanga,1100985.64,880789.58,220196.06
Abril,Ipaumirim,1184205.8,947366.22,236839.58
Abril,Ipu,1021077.76,816863.71,204214.05
Abril,Ipueiras,1209408.34,967528.58,241879.76
Abril,Iracema,1150995.88,920798.66,230197.22
Abril,Irauçuba,991048.49,792840.14,198208.35
Abril,Itaitinga,5519357.41,4415486.78,1103870.63
Abril,Itaiçaba,1039694.04,831757.21,207936.83
Abril,Itapajé,1122891.04,898313.81,224577.23
Abril,Itapipoca,2849050.01,2279241.13,569808.88
Abril,Itapiúna,892968.04,714376.11,178591.93
Abril,Itarema,1890822.53,1512659.71,378162.82
Abril,Itatira,1190504.22,952404.7,238099.52
Abril,Jaguaretama,1122941.65,898354.31,224587.34
Abril,Jaguaribara,1011052.21,808843.21,202209.0
Abril,Jaguaribe,1572971.12,1258377.89,314593.23
Abril,Jaguaruana,1568931.76,1255146.15,313785.61
Abril,Jardim,808074.97,646461.2,161613.77
Abril,Jati,730054.68,584045.43,146009.25
Abril,Jijoca De Jericoacoara,1542895.69,1234318.07,308577.62
Abril,Juazeiro Do Norte,7622247.5,6097799.1,1524448.4
Abril,Jucás,1260814.46,1008653.06,252161.4
Abril,Lavras Da Mangabeira,886632.1,709306.86,177325.24
Abril,Limoeiro Do Norte,3525284.75,2820228.9,705055.85
Abril,Madalena,1289961.95,1031970.85,257991.1
Abril,Maracanaú,28690217.54,22952174.88,5738042.66
Abril,Maranguape,3394168.62,2715335.94,678832.68
Abril,Marco,1273653.79,1018924.41,254729.38
Abril,Martinópole,1001167.37,800935.5,200231.87
Abril,Massapê,1322062.54,1057651.22,264411.32
Abril,Mauriti,1112298.81,889840.77,222458.04
Abril,Meruoca,1076935.16,861549.63,215385.53
Abril,Milagres,833235.72,666590.17,166645.55
Abril,Milhã,1510051.32,1208042.3,302009.02
Abril,Miraíma,805033.96,644028.25,161005.71
Abril,Missão Velha,1002984.23,802389.14,200595.09
Abril,Mombaça,1234403.38,987523.98,246879.4
Abril,Monsenhor Tabosa,917201.77,733763.02,183438.75
Abril,Morada Nova,3204902.85,2563923.3,640979.55
Abril,Moraújo,1044417.37,835535.72,208881.65
Abril,Morrinhos,1182288.61,945831.95,236456.66
Abril,Mucambo,1093949.04,875160.55,218788.49
Abril,Mulungu,790399.18,632320.92,158078.26
Abril,Nova Olinda,1049417.79,839536.02,209881.77
Abril,Nova Russas,1317240.17,1053794.04,263446.13
Abril,Novo Oriente,1136119.71,908897.11,227222.6
Abril,Ocara,909359.34,727489.05,181870.29
Abril,Orós,921747.62,737399.47,184348.15
Abril,Pacajus,3117411.61,2493930.45,623481.16
Abril,Pacatuba,3179546.84,2543638.89,635907.95
Abril,Pacoti,889833.85,711868.4,177965.45
Abril,Pacujá,1033916.7,827134.76,206781.94
Abril,Palhano,769636.09,615710.35,153925.74
Abril,Palmácia,852309.42,681849.17,170460.25
Abril,Paracuru,1633610.34,1306889.52,326720.82
Abril,Paraipaba,1489527.37,1191623.64,297903.73
Abril,Parambu,1099690.49,879753.37,219937.12
Abril,Paramoti,1244773.46,995820.22,248953.24
Abril,Pedra Branca,1592745.48,1274197.44,318548.04
Abril,Penaforte,793589.21,634873.39,158715.82
Abril,Pentecoste,1159114.36,927292.59,231821.77
Abril,Pereiro,1241257.21,993006.9,248250.31
Abril,Pindoretama,1001533.98,801228.79,200305.19
Abril,Piquet Carneiro,1378213.51,1102572.28,275641.23
Abril,Pires Ferreira,952628.44,762104.7,190523.74
Abril,Poranga,1105337.82,884271.28,221066.54
Abril,Porteiras,1017425.34,813941.99,203483.35
Abril,Potengi,947078.64,757665.03,189413.61
Abril,Potiretama,1212333.57,969868.56,242465.01
Abril,Quiterianópolis,1186412.77,949132.05,237280.72
Abril,Quixadá,2375924.33,1900740.67,475183.66
Abril,Quixelô,990437.63,792351.87,198085.76
Abril,Quixeramobim,3487801.19,2790241.98,697559.21
Abril,Quixeré,3459143.65,2767316.18,691827.47
Abril,Redenção,1071097.95,856879.58,214218.37
Abril,Reriutaba,1167446.87,933958.98,233487.89
Abril,Russas,2504708.86,2003768.49,500940.37
Abril,Saboeiro,691973.77,553580.76,138393.01
Abril,Salitre,1041663.0,833332.06,208330.94
Abril,Santa Quitéria,1815513.97,1452412.12,363101.85
Abril,Santana Do Acaraú,1124600.57,899681.93,224918.64
Abril,Santana Do Cariri,847563.33,678052.06,169511.27
Abril,Senador Pompeu,1765335.02,1412269.11,353065.91
Abril,Senador Sá,1284636.06,1027710.21,256925.85
Abril,Sobral,10894890.8,8715913.55,2178977.25
Abril,Solonópole,1684505.61,1347605.49,336900.12
Abril,São Benedito,1455656.11,1164526.29,291129.82
Abril,São Gonçalo Do Amarante,20145471.0,16116377.7,4029093.3
Abril,São João Do Jaguaribe,933726.2,746982.28,186743.92
Abril,São Luís Do Curu,734416.85,587535.75,146881.1
Abril,Tabuleiro Do Norte,1317290.2,1053834.18,263456.02
Abril,Tamboril,1130088.89,904072.25,226016.64
Abril,Tarrafas,938505.73,750805.91,187699.82
Abril,Tauá,1686967.11,1349574.91,337392.2
Abril,Tejuçuoca,679843.65,543876.47,135967.18
Abril,Tianguá,2830117.36,2264094.67,566022.69
Abril,Trairi,2793396.48,2234717.79,558678.69
Abril,Tururu,900527.74,720424.12,180103.62
Abril,Ubajara,1810864.51,1448692.59,362171.92
Abril,Umari,1059025.12,847221.84,211803.28
Abril,Umirim,805838.6,644672.11,161166.49
Abril,Uruburetama,850079.43,680065.04,170014.39
Abril,Uruoca,1984646.31,1587718.65,396927.66
Abril,Varjota,1249391.88,999514.96,249876.92
Abril,Viçosa Do Ceará,966176.09,772942.61,193233.48
Abril,Várzea Alegre,1315184.12,1052149.18,263034.94
Maio,Abaiara,857781.43,686226.46,171554.97
Maio,Acarapé,979539.17,783632.2,195906.97
Maio,Acaraú,2536818.1,2029455.67,507362.43
Maio,Acopiara,949147.97,759319.74,189828.23
Maio,Aiuaba,863936.45,691150.89,172785.56
Maio,Alcântaras,966973.96,773580.44,193393.52
Maio,Altaneira,1094269.77,875417.69,218852.08
Maio,Alto Santo,1184174.38,947341.1,236833.28
Maio,Amontada,1561725.77,1249381.92,312343.85
Maio,Antonina Do Norte,1091520.03,873217.38,218302.65
Maio,Apuiarés,695430.56,556346.74,139083.82
Maio,Aquiraz,9642355.78,7713885.35,1928470.43
Maio,Aracati,4340827.97,3472662.9,868165.07
Maio,Aracoiaba,869692.09,695755.23,173936.86
Maio,Ararendá,1116902.77,893523.7,223379.07
Maio,Araripe,780376.71,624303.3,156073.41
Maio,Aratuba,854975.56,683982.0,170993.56
Maio,Arneiroz,813227.07,650582.83,162644.24
Maio,Assaré,1061646.92,849318.68,212328.24
Maio,Aurora,894998.65,716000.32,178998.33
Maio,Baixio,977573.06,782059.43,195513.63
Maio,Banabuiú,1234865.28,987893.73,246971.55
Maio,Barbalha,3082149.81,2465720.85,616428.96
Maio,Barreira,1000946.88,800758.77,200188.11
Maio,Barro,725284.08,580228.1,145055.98
Maio,Barroquinha,974655.19,779725.08,194930.11
Maio,Baturité,1102119.07,881696.58,220422.49
Maio,Beberibe,2291155.67,1832925.48,458230.19
Maio,Bela Cruz,1016333.05,813068.28,203264.77
Maio,Boa Viagem,1415439.92,1132353.74,283086.18
Maio,Brejo Santo,2495572.81,1996459.03,499113.78
Maio,Camocim,1956019.41,1564816.78,391202.63
Maio,Campos Sales,991876.03,793502.67,198373.36
Maio,Canindé,1899879.99,1519904.8,379975.19
Maio,Capistrano,852580.63,682065.69,170514.94
Maio,Caridade,1442663.4,1154132.18,288531.22
Maio,Caririaçu,943306.1,754646.42,188659.68
Maio,Cariré,1170564.73,936453.24,234111.49
Maio,Cariús,984914.99,787932.95,196982.04
Maio,Carnaubal,1021132.42,816908.32,204224.1
Maio,Cascavel,2446280.86,1957025.96,489254.9
Maio,Catarina,855077.24,684063.25,171013.99
Maio,Catunda,980512.71,784411.47,196101.24
Maio,Caucaia,16320158.9,13056127.29,3264031.61
Maio,Cedro,1099075.5,879261.65,219813.85
Maio,Chaval,778092.72,622475.9,155616.82
Maio,Chorozinho,1078743.37,862995.76,215747.61
Maio,Choró,1251691.72,1001355.24,250336.48
Maio,Coreaú,1178808.8,943048.43,235760.37
Maio,Crateús,1631608.5,1305287.75,326320.75
Maio,Crato,4058727.85,3246983.24,811744.61
Maio,Croatá,1009900.54,807921.78,201978.76
Maio,Cruz,1434303.09,1147444.46,286858.63
Maio,Deputado Irapuan Pinheiro,1141400.42,913122.15,228278.27
Maio,Ererê,1203675.65,962941.36,240734.29
Maio,Eusébio,10117547.62,8094038.76,2023508.86
Maio,Farias Brito,993508.6,794808.13,198700.47
Maio,Forquilha,1639646.87,1311718.63,327928.24
Maio,Fortaleza,109966910.94,87973282.15,21993628.79
Maio,Fortim,1436871.65,1149498.93,287372.72
Maio,Frecheirinha,1417600.52,1134081.94,283518.58
Maio,General Sampaio,962892.23,770315.28,192576.95
Maio,Granja,1095993.2,876795.74,219197.46
Maio,Granjeiro,772707.13,618167.09,154540.04
Maio,Graça,1094352.3,875483.87,218868.43
Maio,Groaíras,991432.11,793146.98,198285.13
Maio,Guaiúba,950271.62,760219.0,190052.62
Maio,Guaraciaba Do Norte,1211085.48,968869.71,242215.77
Maio,Guaramiranga,831267.99,665016.0,166251.99
Maio,Hidrolândia,1021351.79,817083.27,204268.52
Maio,Horizonte,7766688.55,6213350.28,1553338.27
Maio,Ibaretama,994019.37,795217.01,198802.36
Maio,Ibiapina,1026197.86,820959.82,205238.04
Maio,Ibicuitinga,1173553.92,938844.61,234709.31
Maio,Icapuí,3671651.65,2937322.14,734329.51
Maio,Icó,1369031.33,1095226.37,273804.96
Maio,Iguatu,3205829.0,2564664.06,641164.94
Maio,Independência,1019259.99,815409.89,203850.1
Maio,Ipaporanga,1101928.05,881543.93,220384.12
Maio,Ipaumirim,1185219.0,948177.12,237041.88
Maio,Ipu,1021952.02,817563.26,204388.76
Maio,Ipueiras,1210442.72,968355.72,242087.0
Maio,Iracema,1151979.98,921585.41,230394.57
Maio,Irauçuba,991895.96,793518.74,198377.22
Maio,Itaitinga,5524078.39,4419263.51,1104814.88
Maio,Itaiçaba,1040583.92,832468.67,208115.25
Maio,Itapajé,1123852.19,899083.06,224769.13
Maio,Itapipoca,2851487.11,2281190.47,570296.64
Maio,Itapiúna,893733.04,714988.07,178744.97
Maio,Itarema,1892440.93,1513953.87,378487.06
Maio,Itatira,1191522.77,953220.04,238302.73
Maio,Jaguaretama,1123902.39,899123.07,224779.32
Maio,Jaguaribara,1011917.46,809535.72,202381.74
Maio,Jaguaribe,1574316.44,1259454.45,314861.99
Maio,Jaguaruana,1570273.38,1256220.01,314053.37
Maio,Jardim,808766.62,647015.32,161751.3
Maio,Jati,730679.42,584544.65,146134.77
Maio,Jijoca De Jericoacoara,1544216.35,1235374.54,308841.81
Maio,Juazeiro Do Norte,7628768.36,6103015.56,1525752.8
Maio,Jucás,1261893.11,1009516.4,252376.71
Maio,Lavras Da Mangabeira,887390.92,709914.19,177476.73
Maio,Limoeiro Do Norte,3528300.64,2822641.5,705659.14
Maio,Madalena,1291065.77,1032853.97,258211.8
Maio,Maracanaú,28714762.03,22971809.52,5742952.51
Maio,Maranguape,3397072.11,2717658.4,679413.71
Maio,Marco,1274743.73,1019797.2,254946.53
Maio,Martinópole,1002023.39,801620.1,200403.29
Maio,Massapê,1323193.25,1058555.54,264637.71
Maio,Mauriti,1113251.36,890602.07,222649.29
Maio,Meruoca,1077857.05,862286.85,215570.2
Maio,Milagres,833948.17,667160.17,166788.0
Maio,Milhã,1511343.51,1209075.9,302267.61
Maio,Miraíma,805722.26,644579.47,161142.79
Maio,Missão Velha,1003841.53,803074.45,200767.08
Maio,Mombaça,1235459.15,988368.66,247090.49
Maio,Monsenhor Tabosa,917987.34,734391.45,183595.89
Maio,Morada Nova,3207645.16,2566117.05,641528.11
Maio,Moraújo,1045310.89,836250.37,209060.52
Maio,Morrinhos,1183300.32,946641.58,236658.74
Maio,Mucambo,1094885.33,875909.7,218975.63
Maio,Mulungu,791075.67,632862.64,158213.03
Maio,Nova Olinda,1050316.57,840254.71,210061.86
Maio,Nova Russas,1318367.58,1054695.76,263671.82
Maio,Novo Oriente,1137091.51,909674.6,227416.91
Maio,Ocara,910136.91,728111.12,182025.79
Maio,Orós,922537.27,738030.99,184506.28
Maio,Pacajus,3120079.52,2496064.81,624014.71
Maio,Pacatuba,3182267.63,2545815.3,636452.33
Maio,Pacoti,890595.04,712477.38,178117.66
Maio,Pacujá,1034801.28,827842.81,206958.47
Maio,Palhano,770294.43,616236.87,154057.56
Maio,Palmácia,853038.68,682432.42,170606.26
Maio,Paracuru,1635008.56,1308007.66,327000.9
Maio,Paraipaba,1490802.12,1192642.76,298159.36
Maio,Parambu,1100631.88,880507.11,220124.77
Maio,Paramoti,1245838.57,996672.41,249166.16
Maio,Pedra Branca,1594108.24,1275287.97,318820.27
Maio,Penaforte,794267.34,635415.79,158851.55
Maio,Pentecoste,1160105.98,928086.39,232019.59
Maio,Pereiro,1242318.87,993856.57,248462.3
Maio,Pindoretama,1002391.08,801914.13,200476.95
Maio,Piquet Carneiro,1379392.92,1103515.76,275877.16
Maio,Pires Ferreira,953443.4,762755.58,190687.82
Maio,Poranga,1106284.35,885028.71,221255.64
Maio,Porteiras,1018296.09,814638.62,203657.47
Maio,Potengi,947888.98,758312.58,189576.4
Maio,Potiretama,1213371.0,970698.37,242672.63
Maio,Quiterianópolis,1187428.59,949944.1,237484.49
Maio,Quixadá,2377956.41,1902365.38,475591.03
Maio,Quixelô,991284.89,793029.4,198255.49
Maio,Quixeramobim,3490785.62,2792629.37,698156.25
Maio,Quixeré,3462103.15,2769683.46,692419.69
Maio,Redenção,1072013.94,857612.49,214401.45
Maio,Reriutaba,1168444.77,934757.16,233687.61
Maio,Russas,2506850.81,2005481.74,501369.07
Maio,Saboeiro,692566.55,554054.96,138511.59
Maio,Salitre,1042554.27,834044.68,208509.59
Maio,Santa Quitéria,1817067.57,1453655.47,363412.1
Maio,Santana Do Acaraú,1125562.9,900451.63,225111.27
Maio,Santana Do Cariri,848289.14,678633.32,169655.82
Maio,Senador Pompeu,1766845.16,1413477.38,353367.78
Maio,Senador Sá,1285734.72,1028589.51,257145.21
Maio,Sobral,10904211.57,8723369.73,2180841.84
Maio,Solonópole,1685946.8,1348759.07,337187.73
Maio,São Benedito,1456901.26,1165522.4,291378.86
Maio,São Gonçalo Do Amarante,20162705.56,16130165.72,4032539.84
Maio,São João Do Jaguaribe,934525.1,747620.88,186904.22
Maio,São Luís Do Curu,735045.88,588037.92,147007.96
Maio,Tabuleiro Do Norte,1318417.28,1054735.35,263681.93
Maio,Tamboril,1131056.07,904846.36,226209.71
Maio,Tarrafas,939309.06,751448.35,187860.71
Maio,Tauá,1688410.57,1350729.68,337680.89
Maio,Tejuçuoca,680425.19,544342.34,136082.85
Maio,Tianguá,2832537.49,2266030.7,566506.79
Maio,Trairi,2795785.98,2236629.77,559156.21
Maio,Tururu,901298.55,721040.62,180257.93
Maio,Ubajara,1812414.55,1449933.05,362481.5
Maio,Umari,1059931.34,847946.84,211984.5
Maio,Umirim,806527.7,645223.89,161303.81
Maio,Uruburetama,850807.3,680647.44,170159.86
Maio,Uruoca,1986345.24,1589077.13,397268.11
Maio,Varjota,1250461.26,1000370.55,250090.71
Maio,Viçosa Do Ceará,967003.19,773603.8,193399.39
Maio,Várzea Alegre,1316309.58,1053049.46,263260.12
Junho,Abaiara,893298.86,714640.69,178658.17
Junho,Acarapé,1030411.4,824331.31,206080.09
Junho,Acaraú,2721890.71,2177513.78,544376.93
Junho,Acopiara,1131040.12,904833.61,226206.51
Junho,Aiuaba,926696.19,741358.86,185337.33
Junho,Alcântaras,1001470.03,801177.49,200292.54
Junho,Altaneira,1102603.49,882084.54,220518.95
Junho,Alto Santo,1227465.34,981974.18,245491.16
Junho,Amontada,1710178.34,1368144.16,342034.18
Junho,Antonina Do Norte,1101024.29,880820.97,220203.32
Junho,Apuiarés,750927.96,600744.06,150183.9
Junho,Aquiraz,9617529.02,7694024.22,1923504.8
Junho,Aracati,4490063.93,3592052.44,898011.49
Junho,Aracoiaba,973028.43,778424.7,194603.73
Junho,Ararendá,1145270.15,916217.18,229052.97
Junho,Araripe,862165.02,689734.29,172430.73
Junho,Aratuba,892917.57,714335.77,178581.8
Junho,Arneiroz,833345.26,666677.73,166667.53
Junho,Assaré,1136935.74,909550.25,227385.49
Junho,Aurora,992365.88,793894.38,198471.5
Junho,Baixio,987957.39,790367.38,197590.01
Junho,Banabuiú,1294611.38,1035690.44,258920.94
Junho,Barbalha,3282887.54,2626311.33,656576.21
Junho,Barreira,1081066.52,864855.05,216211.47
Junho,Barro,807878.2,646304.0,161574.2
Junho,Barroquinha,1027027.95,821624.62,205403.33
Junho,Baturité,1229347.24,983478.91,245868.33
Junho,Beberibe,2446931.55,1957546.77,489384.78
Junho,Bela Cruz,1141688.47,913352.81,228335.66
Junho,Boa Viagem,1596229.6,1276984.62,319244.98
Junho,Brejo Santo,2640135.56,2112109.86,528025.7
Junho,Camocim,2154642.47,1723714.62,430927.85
Junho,Campos Sales,1089240.38,871394.07,217846.31
Junho,Canindé,2136641.14,1709314.39,427326.75
Junho,Capistrano,926864.4,741493.35,185371.05
Junho,Caridade,1488049.25,1190440.71,297608.54
Junho,Caririaçu,1045455.83,836366.15,209089.68
Junho,Cariré,1233528.49,986824.43,246704.06
Junho,Cariús,1053217.48,842575.25,210642.23
Junho,Carnaubal,1089159.55,871329.35,217830.2
Junho,Cascavel,2661608.12,2129287.51,532320.61
Junho,Catarina,901114.53,720893.37,180221.16
Junho,Catunda,1012637.02,810111.23,202525.79
Junho,Caucaia,16870694.94,13496556.64,3374138.3
Junho,Cedro,1181691.62,945354.57,236337.05
Junho,Chaval,821680.1,657346.4,164333.7
Junho,Chorozinho,1150615.2,920493.75,230121.45
Junho,Choró,1284722.59,1027779.43,256943.16
Junho,Coreaú,1248162.61,998531.44,249631.17
Junho,Crateús,1883909.17,1507128.38,376780.79
Junho,Crato,4397093.32,3517675.35,879417.97
Junho,Croatá,1078818.65,863056.27,215762.38
Junho,Cruz,1539385.87,1231509.98,307875.89
Junho,Deputado Irapuan Pinheiro,1152379.14,921904.97,230474.17
Junho,Ererê,1206734.22,965388.69,241345.53
Junho,Eusébio,10068357.1,8054686.25,2013670.85
Junho,Farias Brito,1063936.92,851151.21,212785.71
Junho,Forquilha,1711307.34,1369046.55,342260.79
Junho,Fortaleza,112881919.83,90305278.37,22576641.46
Junho,Fortim,1490164.68,1192132.59,298032.09
Junho,Frecheirinha,1456466.75,1165173.97,291292.78
Junho,General Sampaio,976044.13,780837.11,195207.02
Junho,Granja,1296080.64,1036866.06,259214.58
Junho,Granjeiro,789009.61,631209.67,157799.94
Junho,Graça,1140606.21,912486.79,228119.42
Junho,Groaíras,1024160.17,819329.63,204830.54
Junho,Guaiúba,1047405.1,837925.19,209479.91
Junho,Guaraciaba Do Norte,1372599.21,1098080.7,274518.51
Junho,Guaramiranga,847126.62,677702.86,169423.76
Junho,Hidrolândia,1090114.37,872093.12,218021.25
Junho,Horizonte,7791860.51,6233487.51,1558373.0
Junho,Ibaretama,1028213.81,822572.74,205641.07
Junho,Ibiapina,1119554.4,895644.89,223909.51
Junho,Ibicuitinga,1200758.54,960608.27,240150.27
Junho,Icapuí,3650171.48,2920138.13,730033.35
Junho,Icó,1588569.51,1270856.82,317712.69
Junho,Iguatu,3479556.16,2783645.99,695910.17
Junho,Independência,1112424.27,889941.24,222483.03
Junho,Ipaporanga,1131718.5,905375.84,226342.66
Junho,Ipaumirim,1212891.65,970315.54,242576.11
Junho,Ipu,1175817.25,940655.53,235161.72
Junho,Ipueiras,1347655.31,1078125.52,269529.79
Junho,Iracema,1196610.33,957289.42,239320.91
Junho,Irauçuba,1086891.66,869515.02,217376.64
Junho,Itaitinga,5615701.64,4492562.41,1123139.23
Junho,Itaiçaba,1052579.66,842065.46,210514.2
Junho,Itapajé,1305501.2,1044402.39,261098.81
Junho,Itapipoca,3234855.18,2587885.0,646970.18
Junho,Itapiúna,967285.1,773829.47,193455.63
Junho,Itarema,2031078.88,1624863.99,406214.89
Junho,Itatira,1259886.39,1007910.65,251975.74
Junho,Jaguaretama,1187667.82,950135.72,237532.1
Junho,Jaguaribara,1042475.49,833982.0,208493.49
Junho,Jaguaribe,1679888.8,1343912.15,335976.65
Junho,Jaguaruana,1671933.61,1337548.4,334385.21
Junho,Jardim,918485.09,734790.0,183695.09
Junho,Jati,754880.61,603906.08,150974.53
Junho,Jijoca De Jericoacoara,1625251.9,1300202.95,325048.95
Junho,Juazeiro Do Norte,8357988.51,6686391.58,1671596.93
Junho,Jucás,1346315.17,1077053.62,269261.55
Junho,Lavras Da Mangabeira,1012655.34,810125.92,202529.42
Junho,Limoeiro Do Norte,3662920.69,2930337.5,732583.19
Junho,Madalena,1347846.23,1078278.03,269568.2
Junho,Maracanaú,28548226.68,22838581.85,5709644.83
Junho,Maranguape,3691574.0,2953260.32,738313.68
Junho,Marco,1363800.38,1091041.7,272758.68
Junho,Martinópole,1034178.29,827344.37,206833.92
Junho,Massapê,1459305.5,1167445.53,291859.97
Junho,Mauriti,1284301.55,1027442.58,256858.97
Junho,Meruoca,1128087.17,902471.68,225615.49
Junho,Milagres,938755.68,751005.99,187749.69
Junho,Milhã,1543095.75,1234477.73,308618.02
Junho,Miraíma,864061.95,691250.95,172811.0
Junho,Missão Velha,1150194.24,920156.88,230037.36
Junho,Mombaça,1372066.23,1097654.28,274411.95
Junho,Monsenhor Tabosa,989647.62,791720.33,197927.29
Junho,Morada Nova,3359789.27,2687832.51,671956.76
Junho,Moraújo,1058604.92,846885.87,211719.05
Junho,Morrinhos,1257154.47,1005725.53,251428.94
Junho,Mucambo,1140764.84,912613.11,228151.73
Junho,Mulungu,830678.11,664543.9,166134.21
Junho,Nova Olinda,1101960.35,881569.78,220390.57
Junho,Nova Russas,1427310.8,1141849.61,285461.19
Junho,Novo Oriente,1235137.62,988111.83,247025.79
Junho,Ocara,1008998.15,807200.28,201797.87
Junho,Orós,998510.85,798810.35,199700.5
Junho,Pacajus,3307404.09,2645924.11,661479.98
Junho,Pacatuba,3401275.89,2721021.79,680254.1
Junho,Pacoti,927194.02,741757.0,185437.02
Junho,Pacujá,1044102.02,835283.23,208818.79
Junho,Palhano,796211.49,636970.93,159240.56
Junho,Palmácia,888698.97,710960.98,177737.99
Junho,Paracuru,1763586.91,1410870.67,352716.24
Junho,Paraipaba,1597377.02,1277902.59,319474.43
Junho,Parambu,1219339.14,975473.02,243866.12
Junho,Paramoti,1267245.22,1013797.35,253447.87
Junho,Pedra Branca,1724881.34,1379906.11,344975.23
Junho,Penaforte,818583.7,654868.77,163714.93
Junho,Pentecoste,1302436.95,1041950.76,260486.19
Junho,Pereiro,1286415.53,1029134.17,257281.36
Junho,Pindoretama,1097098.6,877680.48,219418.12
Junho,Piquet Carneiro,1432974.57,1146380.67,286593.9
Junho,Pires Ferreira,986819.92,789457.5,197362.42
Junho,Poranga,1136868.8,909496.8,227372.0
Junho,Porteiras,1086553.44,869244.24,217309.2
Junho,Potengi,973549.8,778841.18,194708.62
Junho,Potiretama,1215560.66,972449.89,243110.77
Junho,Quiterianópolis,1254712.3,1003771.66,250940.64
Junho,Quixadá,2631584.42,2105268.5,526315.92
Junho,Quixelô,1058790.34,847033.78,211756.56
Junho,Quixeramobim,3698002.13,2958402.63,739599.5
Junho,Quixeré,3446642.51,2757314.77,689327.74
Junho,Redenção,1171059.23,936848.95,234210.28
Junho,Reriutaba,1233445.72,986758.14,246687.58
Junho,Russas,2715843.79,2172676.66,543167.13
Junho,Saboeiro,753363.8,602692.81,150670.99
Junho,Salitre,1108755.68,887006.73,221748.95
Junho,Santa Quitéria,1907540.83,1526033.7,381507.13
Junho,Santana Do Acaraú,1188839.67,951073.06,237766.61
Junho,Santana Do Cariri,1005606.17,804486.84,201119.33
Junho,Senador Pompeu,1833373.41,1466699.39,366674.02
Junho,Senador Sá,1288072.22,1030458.77,257613.45
Junho,Sobral,11332729.41,9066184.1,2266545.31
Junho,Solonópole,1731081.01,1384865.82,346215.19
Junho,São Benedito,1620237.14,1296191.15,324045.99
Junho,São Gonçalo Do Amarante,19655272.95,15724218.9,3931054.05
Junho,São João Do Jaguaribe,946239.85,756993.68,189246.17
Junho,São Luís Do Curu,776388.33,621112.2,155276.13
Junho,Tabuleiro Do Norte,1427496.66,1141998.28,285498.38
Junho,Tamboril,1221693.8,977356.42,244337.38
Junho,Tarrafas,954633.88,763708.78,190925.1
Junho,Tauá,1895836.77,1516670.8,379165.97
Junho,Tejuçuoca,760842.1,608675.68,152166.42
Junho,Tianguá,3065420.9,2452337.62,613083.28
Junho,Trairi,2956531.73,2365226.65,591305.08
Junho,Tururu,957465.15,765973.9,191491.25
Junho,Ubajara,1907651.66,1526122.36,381529.3
Junho,Umari,1069525.95,855622.57,213903.38
Junho,Umirim,882444.3,705957.16,176487.14
Junho,Uruburetama,932242.04,745795.66,186446.38
Junho,Uruoca,1999539.97,1599632.65,399907.32
Junho,Varjota,1311709.29,1049368.88,262340.41
Junho,Viçosa Do Ceará,1198008.57,958408.57,239600.0
Junho,Várzea Alegre,1454757.4,1163806.93,290950.47
